scenario,gauge,planningUnit,state,sWSDLName,ewrCode,multigauge,eventYears,frequency,targetFrequency,achievementCount,achievementPerYear,eventCount,eventCountAll,eventsPerYear,eventsPerYearAll,averageEventLength,thresholdDays,maxInterEventYears,noDataDays,totalDays
hydrographs_LowerDarling_20250516,414203,Murray River - Lock 15 weir pool to Lock 10,NSW,Lower Darling,BF1_a,,24.0,38,50,24.0,0.375,24.0,133.0,0.375,2.078125,70.55639097744361,9384.0,1,162.0,22996.0
hydrographs_LowerDarling_20250516,414203,Murray River - Lock 15 weir pool to Lock 10,NSW,Lower Darling,BF1_b,,44.0,69,100,44.0,0.6875,44.0,133.0,0.6875,2.078125,70.55639097744361,9384.0,1,162.0,22996.0
hydrographs_LowerDarling_20250516,414203,Murray River - Lock 15 weir pool to Lock 10,NSW,Lower Darling,BK1_P,,23.0,36,65,26.0,0.40625,26.0,37.0,0.40625,0.578125,60.91891891891892,2254.0,3,162.0,22996.0
hydrographs_LowerDarling_20250516,414203,Murray River - Lock 15 weir pool to Lock 10,NSW,Lower Darling,BK1_S,,24.0,38,65,29.0,0.453125,29.0,39.0,0.453125,0.609375,62.717948717948715,2446.0,3,162.0,22996.0
hydrographs_LowerDarling_20250516,414203,Murray River - Lock 15 weir pool to Lock 10,NSW,Lower Darling,LF1,,38.0,59,70,48.0,0.75,48.0,64.0,0.75,1.0,54.015625,3457.0,3,162.0,22996.0
hydrographs_LowerDarling_20250516,414203,Murray River - Lock 15 weir pool to Lock 10,NSW,Lower Darling,LF2,,33.0,52,80,41.0,0.640625,41.0,62.0,0.640625,0.96875,55.17741935483871,3421.0,2,162.0,22996.0
hydrographs_LowerDarling_20250516,414203,Murray River - Lock 15 weir pool to Lock 10,NSW,Lower Darling,NestS1a,,16.0,25,75,16.0,0.25,16.0,22.0,0.25,0.34375,44.95454545454545,989.0,4,162.0,22996.0
hydrographs_LowerDarling_20250516,414203,Murray River - Lock 15 weir pool to Lock 10,NSW,Lower Darling,NestS1b,,15.0,23,75,15.0,0.234375,15.0,27.0,0.234375,0.421875,28.88888888888889,780.0,4,162.0,22996.0
hydrographs_LowerDarling_20250516,414203,Murray River - Lock 15 weir pool to Lock 10,NSW,Lower Darling,OB1_P,,15.0,23,50,16.0,0.25,16.0,25.0,0.25,0.390625,62.76,1569.0,4,162.0,22996.0
hydrographs_LowerDarling_20250516,414203,Murray River - Lock 15 weir pool to Lock 10,NSW,Lower Darling,OB1_S,,15.0,23,50,18.0,0.28125,18.0,26.0,0.28125,0.40625,63.73076923076923,1657.0,4,162.0,22996.0
hydrographs_LowerDarling_20250516,414203,Murray River - Lock 15 weir pool to Lock 10,NSW,Lower Darling,OB2,,14.0,22,40,19.0,0.296875,19.0,23.0,0.296875,0.359375,55.56521739130435,1278.0,5,162.0,22996.0
hydrographs_LowerDarling_20250516,414203,Murray River - Lock 15 weir pool to Lock 10,NSW,Lower Darling,OB3,,10.0,16,30,12.0,0.1875,12.0,17.0,0.1875,0.265625,46.0,782.0,7,162.0,22996.0
hydrographs_LowerDarling_20250516,414203,Murray River - Lock 15 weir pool to Lock 10,NSW,Lower Darling,OB4,,9.0,14,15,10.0,0.15625,10.0,14.0,0.15625,0.21875,36.642857142857146,513.0,10,162.0,22996.0
hydrographs_LowerDarling_20250516,414203,Murray River - Lock 15 weir pool to Lock 10,NSW,Lower Darling,OB5,,6.0,9,10,8.0,0.125,8.0,11.0,0.125,0.171875,33.54545454545455,369.0,11,162.0,22996.0
hydrographs_LowerDarling_20250516,414203,Murray River - Lock 15 weir pool to Lock 10,NSW,Lower Darling,SF1,,45.0,70,100,54.0,0.84375,54.0,80.0,0.84375,1.25,43.75,3500.0,1,162.0,22996.0
hydrographs_LowerDarling_20250516,414203,Murray River - Lock 15 weir pool to Lock 10,NSW,Lower Darling,SF2_P,,22.0,34,75,22.0,0.34375,22.0,59.0,0.34375,0.921875,33.728813559322035,1990.0,2,162.0,22996.0
hydrographs_LowerDarling_20250516,414203,Murray River - Lock 15 weir pool to Lock 10,NSW,Lower Darling,SF2_S,,32.0,50,75,34.0,0.53125,34.0,87.0,0.53125,1.359375,43.827586206896555,3813.0,2,162.0,22996.0
hydrographs_LowerDarling_20250516,414203,Murray River - Lock 15 weir pool to Lock 10,NSW,Lower Darling,VF,,38.0,59,100,38.0,0.59375,38.0,130.0,0.59375,2.03125,173.06923076923076,22499.0,0,162.0,22996.0
hydrographs_LowerDarling_20250516,414203,Murray River - Lock 15 weir pool to Lock 10,NSW,Lower Darling,WP1,,1.0,2,85,1.0,0.015625,1.0,21.0,0.015625,0.328125,17.428571428571427,366.0,3,162.0,22996.0
hydrographs_LowerDarling_20250516,414203,Murray River - Lock 15 weir pool to Lock 10,NSW,Lower Darling,WP2,,2.0,3,80,2.0,0.03125,2.0,7.0,0.03125,0.109375,50.857142857142854,356.0,3,162.0,22996.0
hydrographs_LowerDarling_20250516,414203,Murray River - Lock 15 weir pool to Lock 10,NSW,Lower Darling,WP3,,1.0,2,20,1.0,0.015625,1.0,17.0,0.015625,0.265625,21.058823529411764,358.0,0.038356,162.0,22996.0
hydrographs_LowerDarling_20250516,414203,Murray River - Lock 15 weir pool to Lock 10,NSW,Lower Darling,WP4,,3.0,5,75,3.0,0.046875,3.0,8.0,0.046875,0.125,27.75,222.0,3,162.0,22996.0
hydrographs_LowerDarling_20250516,425007,Lower Darling River - Weir 32 to downstream Burtundy,NSW,Lower Darling,BF1a,,22.0,34,100,22.0,0.34375,22.0,102.0,0.34375,1.59375,83.67647058823529,8535.0,0.010959,501.0,22996.0
hydrographs_LowerDarling_20250516,425007,Lower Darling River - Weir 32 to downstream Burtundy,NSW,Lower Darling,BF1b,,27.0,42,100,27.0,0.421875,27.0,86.0,0.421875,1.34375,71.94186046511628,6187.0,0.082192,501.0,22996.0
hydrographs_LowerDarling_20250516,425007,Lower Darling River - Weir 32 to downstream Burtundy,NSW,Lower Darling,BF2a,,22.0,34,75,22.0,0.34375,22.0,86.0,0.34375,1.34375,75.55813953488372,6498.0,2,501.0,22996.0
hydrographs_LowerDarling_20250516,425007,Lower Darling River - Weir 32 to downstream Burtundy,NSW,Lower Darling,BF2b,,22.0,34,75,22.0,0.34375,22.0,48.0,0.34375,0.75,49.791666666666664,2390.0,2,501.0,22996.0
hydrographs_LowerDarling_20250516,425007,Lower Darling River - Weir 32 to downstream Burtundy,NSW,Lower Darling,BF2c,,24.0,38,75,24.0,0.375,24.0,63.0,0.375,0.984375,45.42857142857143,2862.0,2,501.0,22996.0
hydrographs_LowerDarling_20250516,425007,Lower Darling River - Weir 32 to downstream Burtundy,NSW,Lower Darling,BK1_S,,25.0,39,65,36.0,0.5625,36.0,40.0,0.5625,0.625,79.825,3193.0,2,501.0,22996.0
hydrographs_LowerDarling_20250516,425007,Lower Darling River - Weir 32 to downstream Burtundy,NSW,Lower Darling,BK1a_P,,12.0,19,65,13.0,0.203125,13.0,16.0,0.203125,0.25,48.0625,769.0,2,501.0,22996.0
hydrographs_LowerDarling_20250516,425007,Lower Darling River - Weir 32 to downstream Burtundy,NSW,Lower Darling,BK1b_P,,14.0,22,65,15.0,0.234375,15.0,23.0,0.234375,0.359375,46.04347826086956,1059.0,2,501.0,22996.0
hydrographs_LowerDarling_20250516,425007,Lower Darling River - Weir 32 to downstream Burtundy,NSW,Lower Darling,CF,,19.0,30,10,19.0,0.296875,19.0,72.0,0.296875,1.125,40.72222222222222,2932.0,0,501.0,22996.0
hydrographs_LowerDarling_20250516,425007,Lower Darling River - Weir 32 to downstream Burtundy,NSW,Lower Darling,LF1_P,,25.0,39,40,28.0,0.4375,28.0,29.0,0.4375,0.453125,57.86206896551724,1678.0,4,501.0,22996.0
hydrographs_LowerDarling_20250516,425007,Lower Darling River - Weir 32 to downstream Burtundy,NSW,Lower Darling,LF1_S,,34.0,53,40,57.0,0.890625,57.0,59.0,0.890625,0.921875,72.03389830508475,4250.0,4,501.0,22996.0
hydrographs_LowerDarling_20250516,425007,Lower Darling River - Weir 32 to downstream Burtundy,NSW,Lower Darling,LF2_P,,28.0,44,75,34.0,0.53125,34.0,35.0,0.53125,0.546875,55.2,1932.0,2,501.0,22996.0
hydrographs_LowerDarling_20250516,425007,Lower Darling River - Weir 32 to downstream Burtundy,NSW,Lower Darling,LF2_S,,34.0,53,75,57.0,0.890625,57.0,59.0,0.890625,0.921875,72.03389830508475,4250.0,2,501.0,22996.0
hydrographs_LowerDarling_20250516,425007,Lower Darling River - Weir 32 to downstream Burtundy,NSW,Lower Darling,LF3_P,,23.0,36,75,29.0,0.453125,29.0,35.0,0.453125,0.546875,52.8,1848.0,2,501.0,22996.0
hydrographs_LowerDarling_20250516,425007,Lower Darling River - Weir 32 to downstream Burtundy,NSW,Lower Darling,LF3_S,,31.0,48,75,48.0,0.75,48.0,59.0,0.75,0.921875,72.03389830508475,4250.0,2,501.0,22996.0
hydrographs_LowerDarling_20250516,425007,Lower Darling River - Weir 32 to downstream Burtundy,NSW,Lower Darling,NestS1,,9.0,14,100,9.0,0.140625,9.0,38.0,0.140625,0.59375,29.289473684210527,1113.0,1,501.0,22996.0
hydrographs_LowerDarling_20250516,425007,Lower Darling River - Weir 32 to downstream Burtundy,NSW,Lower Darling,OB1_P,,13.0,20,50,13.0,0.203125,13.0,15.0,0.203125,0.234375,61.333333333333336,920.0,3,501.0,22996.0
hydrographs_LowerDarling_20250516,425007,Lower Darling River - Weir 32 to downstream Burtundy,NSW,Lower Darling,OB1_S,,24.0,38,50,30.0,0.46875,30.0,34.0,0.46875,0.53125,83.70588235294117,2846.0,3,501.0,22996.0
hydrographs_LowerDarling_20250516,425007,Lower Darling River - Weir 32 to downstream Burtundy,NSW,Lower Darling,OB2,,20.0,31,50,23.0,0.359375,23.0,27.0,0.359375,0.421875,88.07407407407408,2378.0,4,501.0,22996.0
hydrographs_LowerDarling_20250516,425007,Lower Darling River - Weir 32 to downstream Burtundy,NSW,Lower Darling,OB3,,11.0,17,20,11.0,0.171875,11.0,15.0,0.171875,0.234375,72.73333333333333,1091.0,10,501.0,22996.0
hydrographs_LowerDarling_20250516,425007,Lower Darling River - Weir 32 to downstream Burtundy,NSW,Lower Darling,OB4,,8.0,12,10,8.0,0.125,8.0,11.0,0.125,0.171875,67.72727272727273,745.0,12,501.0,22996.0
hydrographs_LowerDarling_20250516,425007,Lower Darling River - Weir 32 to downstream Burtundy,NSW,Lower Darling,OB5,,5.0,8,10,5.0,0.078125,5.0,5.0,0.078125,0.078125,28.4,142.0,14,501.0,22996.0
hydrographs_LowerDarling_20250516,425007,Lower Darling River - Weir 32 to downstream Burtundy,NSW,Lower Darling,SF1,,32.0,50,75,39.0,0.609375,39.0,47.0,0.609375,0.734375,38.829787234042556,1825.0,2,501.0,22996.0
hydrographs_LowerDarling_20250516,425007,Lower Darling River - Weir 32 to downstream Burtundy,NSW,Lower Darling,SF2,,15.0,23,30,15.0,0.234375,15.0,37.0,0.234375,0.578125,49.513513513513516,1832.0,5,501.0,22996.0
hydrographs_LowerDarling_20250516,425007,Lower Darling River - Weir 32 to downstream Burtundy,NSW,Lower Darling,SF3,,43.0,67,75,54.0,0.84375,54.0,69.0,0.84375,1.078125,55.20289855072464,3809.0,2,501.0,22996.0
hydrographs_LowerDarling_20250516,425007,Lower Darling River - Weir 32 to downstream Burtundy,NSW,Lower Darling,VF,,0.0,0,100,0.0,0.0,0.0,102.0,0.0,1.59375,81.91176470588235,8355.0,0.109589,501.0,22996.0
hydrographs_LowerDarling_20250516,425010,Murray River - Lock 10 to Lock 9,NSW,Lower Darling,BF1_a,,5.0,8,50,5.0,0.078125,5.0,79.0,0.078125,1.234375,41.34177215189873,3266.0,1,501.0,22996.0
hydrographs_LowerDarling_20250516,425010,Murray River - Lock 10 to Lock 9,NSW,Lower Darling,BF1_b,,11.0,17,100,11.0,0.171875,11.0,79.0,0.171875,1.234375,41.34177215189873,3266.0,1,501.0,22996.0
hydrographs_LowerDarling_20250516,425010,Murray River - Lock 10 to Lock 9,NSW,Lower Darling,BK1_P,,12.0,19,70,12.0,0.1875,12.0,15.0,0.1875,0.234375,73.6,1104.0,3,501.0,22996.0
hydrographs_LowerDarling_20250516,425010,Murray River - Lock 10 to Lock 9,NSW,Lower Darling,BK1_S,,12.0,19,70,14.0,0.21875,14.0,17.0,0.21875,0.265625,76.0,1292.0,3,501.0,22996.0
hydrographs_LowerDarling_20250516,425010,Murray River - Lock 10 to Lock 9,NSW,Lower Darling,LF1,,16.0,25,90,16.0,0.25,16.0,20.0,0.25,0.3125,77.8,1556.0,2,501.0,22996.0
hydrographs_LowerDarling_20250516,425010,Murray River - Lock 10 to Lock 9,NSW,Lower Darling,LF2,,15.0,23,50,15.0,0.234375,15.0,20.0,0.234375,0.3125,80.9,1618.0,3,501.0,22996.0
hydrographs_LowerDarling_20250516,425010,Murray River - Lock 10 to Lock 9,NSW,Lower Darling,NestS1,,10.0,16,75,10.0,0.15625,10.0,15.0,0.15625,0.234375,40.6,609.0,4,501.0,22996.0
hydrographs_LowerDarling_20250516,425010,Murray River - Lock 10 to Lock 9,NSW,Lower Darling,OB1_P,,7.0,11,50,8.0,0.125,8.0,12.0,0.125,0.1875,57.333333333333336,688.0,4,501.0,22996.0
hydrographs_LowerDarling_20250516,425010,Murray River - Lock 10 to Lock 9,NSW,Lower Darling,OB1_S,,7.0,11,50,8.0,0.125,8.0,15.0,0.125,0.234375,52.6,789.0,4,501.0,22996.0
hydrographs_LowerDarling_20250516,425010,Murray River - Lock 10 to Lock 9,NSW,Lower Darling,OB2,,7.0,11,40,7.0,0.109375,7.0,8.0,0.109375,0.125,58.0,464.0,5,501.0,22996.0
hydrographs_LowerDarling_20250516,425010,Murray River - Lock 10 to Lock 9,NSW,Lower Darling,OB3,,6.0,9,30,6.0,0.09375,6.0,8.0,0.09375,0.125,34.375,275.0,7,501.0,22996.0
hydrographs_LowerDarling_20250516,425010,Murray River - Lock 10 to Lock 9,NSW,Lower Darling,OB4,,2.0,3,15,2.0,0.03125,2.0,4.0,0.03125,0.0625,25.75,103.0,10,501.0,22996.0
hydrographs_LowerDarling_20250516,425010,Murray River - Lock 10 to Lock 9,NSW,Lower Darling,SF1,,19.0,30,100,19.0,0.296875,19.0,29.0,0.296875,0.453125,49.793103448275865,1444.0,1,501.0,22996.0
hydrographs_LowerDarling_20250516,425010,Murray River - Lock 10 to Lock 9,NSW,Lower Darling,SF2,,16.0,25,90,20.0,0.3125,20.0,41.0,0.3125,0.640625,37.31707317073171,1530.0,2,501.0,22996.0
hydrographs_LowerDarling_20250516,425010,Murray River - Lock 10 to Lock 9,NSW,Lower Darling,VF,,2.0,3,100,2.0,0.03125,2.0,206.0,0.03125,3.21875,51.07281553398058,10521.0,0,501.0,22996.0
hydrographs_LowerDarling_20250516,425010,Murray River - Lock 10 to Lock 9,NSW,Lower Darling,WP1,,0.0,0,85,0.0,0.0,0.0,17.0,0.0,0.265625,2.588235294117647,44.0,3,501.0,22996.0
hydrographs_LowerDarling_20250516,425010,Murray River - Lock 10 to Lock 9,NSW,Lower Darling,WP2,,10.0,16,80,10.0,0.15625,10.0,33.0,0.15625,0.515625,53.63636363636363,1770.0,3,501.0,22996.0
hydrographs_LowerDarling_20250516,425010,Murray River - Lock 10 to Lock 9,NSW,Lower Darling,WP3,,0.0,0,20,0.0,0.0,0.0,21.0,0.0,0.328125,2.857142857142857,60.0,0.038356,501.0,22996.0
hydrographs_LowerDarling_20250516,425010,Murray River - Lock 10 to Lock 9,NSW,Lower Darling,WP4,,0.0,0,75,0.0,0.0,0.0,19.0,0.0,0.296875,2.736842105263158,52.0,3,501.0,22996.0
hydrographs_LowerDarling_20250516,425012,Lower Darling River - Weir 32 to downstream Burtundy,NSW,Lower Darling,BF1a,,14.0,22,100,14.0,0.21875,14.0,158.0,0.21875,2.46875,53.95569620253165,8525.0,0.010959,501.0,22996.0
hydrographs_LowerDarling_20250516,425012,Lower Darling River - Weir 32 to downstream Burtundy,NSW,Lower Darling,BF1b,,12.0,19,100,12.0,0.1875,12.0,112.0,0.1875,1.75,41.669642857142854,4667.0,0.082192,501.0,22996.0
hydrographs_LowerDarling_20250516,425012,Lower Darling River - Weir 32 to downstream Burtundy,NSW,Lower Darling,BF2a,,11.0,17,75,11.0,0.171875,11.0,100.0,0.171875,1.5625,47.48,4748.0,2,501.0,22996.0
hydrographs_LowerDarling_20250516,425012,Lower Darling River - Weir 32 to downstream Burtundy,NSW,Lower Darling,BF2b,,17.0,27,75,17.0,0.265625,17.0,50.0,0.265625,0.78125,45.54,2277.0,2,501.0,22996.0
hydrographs_LowerDarling_20250516,425012,Lower Darling River - Weir 32 to downstream Burtundy,NSW,Lower Darling,BF2c,,22.0,34,75,22.0,0.34375,22.0,63.0,0.34375,0.984375,43.77777777777778,2758.0,2,501.0,22996.0
hydrographs_LowerDarling_20250516,425012,Lower Darling River - Weir 32 to downstream Burtundy,NSW,Lower Darling,BK1_S,,23.0,36,65,32.0,0.5,32.0,45.0,0.5,0.703125,64.15555555555555,2887.0,2,501.0,22996.0
hydrographs_LowerDarling_20250516,425012,Lower Darling River - Weir 32 to downstream Burtundy,NSW,Lower Darling,BK1a_P,,11.0,17,65,11.0,0.171875,11.0,15.0,0.171875,0.234375,44.53333333333333,668.0,2,501.0,22996.0
hydrographs_LowerDarling_20250516,425012,Lower Darling River - Weir 32 to downstream Burtundy,NSW,Lower Darling,BK1b_P,,13.0,20,65,14.0,0.21875,14.0,24.0,0.21875,0.375,41.5,996.0,2,501.0,22996.0
hydrographs_LowerDarling_20250516,425012,Lower Darling River - Weir 32 to downstream Burtundy,NSW,Lower Darling,BK2_P,,19.0,30,25,21.0,0.328125,21.0,37.0,0.328125,0.578125,59.648648648648646,2207.0,4,501.0,22996.0
hydrographs_LowerDarling_20250516,425012,Lower Darling River - Weir 32 to downstream Burtundy,NSW,Lower Darling,BK2_S,,19.0,30,25,23.0,0.359375,23.0,42.0,0.359375,0.65625,62.095238095238095,2608.0,4,501.0,22996.0
hydrographs_LowerDarling_20250516,425012,Lower Darling River - Weir 32 to downstream Burtundy,NSW,Lower Darling,CF,,22.0,34,10,24.0,0.375,24.0,117.0,0.375,1.828125,26.162393162393162,3061.0,0,501.0,22996.0
hydrographs_LowerDarling_20250516,425012,Lower Darling River - Weir 32 to downstream Burtundy,NSW,Lower Darling,LF1_P,,23.0,36,40,26.0,0.40625,26.0,28.0,0.40625,0.4375,53.0,1484.0,4,501.0,22996.0
hydrographs_LowerDarling_20250516,425012,Lower Darling River - Weir 32 to downstream Burtundy,NSW,Lower Darling,LF1_S,,34.0,53,40,60.0,0.9375,60.0,63.0,0.9375,0.984375,59.22222222222222,3731.0,4,501.0,22996.0
hydrographs_LowerDarling_20250516,425012,Lower Darling River - Weir 32 to downstream Burtundy,NSW,Lower Darling,LF2_P,,25.0,39,75,33.0,0.515625,33.0,36.0,0.515625,0.5625,46.833333333333336,1686.0,2,501.0,22996.0
hydrographs_LowerDarling_20250516,425012,Lower Darling River - Weir 32 to downstream Burtundy,NSW,Lower Darling,LF2_S,,34.0,53,75,60.0,0.9375,60.0,63.0,0.9375,0.984375,59.22222222222222,3731.0,2,501.0,22996.0
hydrographs_LowerDarling_20250516,425012,Lower Darling River - Weir 32 to downstream Burtundy,NSW,Lower Darling,LF3_P,,24.0,38,75,30.0,0.46875,30.0,37.0,0.46875,0.578125,44.5945945945946,1650.0,2,501.0,22996.0
hydrographs_LowerDarling_20250516,425012,Lower Darling River - Weir 32 to downstream Burtundy,NSW,Lower Darling,LF3_S,,32.0,50,75,50.0,0.78125,50.0,63.0,0.78125,0.984375,59.22222222222222,3731.0,2,501.0,22996.0
hydrographs_LowerDarling_20250516,425012,Lower Darling River - Weir 32 to downstream Burtundy,NSW,Lower Darling,NestS1,,8.0,12,100,8.0,0.125,8.0,56.0,0.125,0.875,19.107142857142858,1070.0,1,501.0,22996.0
hydrographs_LowerDarling_20250516,425012,Lower Darling River - Weir 32 to downstream Burtundy,NSW,Lower Darling,OB1_P,,10.0,16,50,11.0,0.171875,11.0,12.0,0.171875,0.1875,60.083333333333336,721.0,3,501.0,22996.0
hydrographs_LowerDarling_20250516,425012,Lower Darling River - Weir 32 to downstream Burtundy,NSW,Lower Darling,OB1_S,,20.0,31,50,30.0,0.46875,30.0,35.0,0.46875,0.546875,63.02857142857143,2206.0,3,501.0,22996.0
hydrographs_LowerDarling_20250516,425012,Lower Darling River - Weir 32 to downstream Burtundy,NSW,Lower Darling,OB2,,18.0,28,50,26.0,0.40625,26.0,32.0,0.40625,0.5,58.5,1872.0,4,501.0,22996.0
hydrographs_LowerDarling_20250516,425012,Lower Darling River - Weir 32 to downstream Burtundy,NSW,Lower Darling,OB3,,11.0,17,20,11.0,0.171875,11.0,21.0,0.171875,0.328125,56.476190476190474,1186.0,10,501.0,22996.0
hydrographs_LowerDarling_20250516,425012,Lower Darling River - Weir 32 to downstream Burtundy,NSW,Lower Darling,OB4,,7.0,11,10,7.0,0.109375,7.0,13.0,0.109375,0.203125,50.07692307692308,651.0,12,501.0,22996.0
hydrographs_LowerDarling_20250516,425012,Lower Darling River - Weir 32 to downstream Burtundy,NSW,Lower Darling,OB5,,4.0,6,10,4.0,0.0625,4.0,4.0,0.0625,0.0625,34.75,139.0,14,501.0,22996.0
hydrographs_LowerDarling_20250516,425012,Lower Darling River - Weir 32 to downstream Burtundy,NSW,Lower Darling,SF1,,32.0,50,75,36.0,0.5625,36.0,48.0,0.5625,0.75,34.75,1668.0,2,501.0,22996.0
hydrographs_LowerDarling_20250516,425012,Lower Darling River - Weir 32 to downstream Burtundy,NSW,Lower Darling,SF2,,15.0,23,30,15.0,0.234375,15.0,38.0,0.234375,0.59375,47.86842105263158,1819.0,5,501.0,22996.0
hydrographs_LowerDarling_20250516,425012,Lower Darling River - Weir 32 to downstream Burtundy,NSW,Lower Darling,SF3,,43.0,67,75,52.0,0.8125,52.0,75.0,0.8125,1.171875,48.72,3654.0,2,501.0,22996.0
hydrographs_LowerDarling_20250516,425012,Lower Darling River - Weir 32 to downstream Burtundy,NSW,Lower Darling,VF,,0.0,0,100,0.0,0.0,0.0,160.0,0.0,2.5,51.41875,8227.0,0.109589,501.0,22996.0
hydrographs_LowerDarling_20250516,425013,Darling Anabranch,NSW,Lower Darling,ALT-CTF,,57.0,89,75,63.0,0.984375,63.0,115.0,0.984375,1.796875,131.75652173913045,15152.0,1,866.0,22996.0
hydrographs_LowerDarling_20250516,425013,Darling Anabranch,NSW,Lower Darling,BK1,,14.0,22,25,15.0,0.234375,15.0,19.0,0.234375,0.296875,68.26315789473684,1297.0,7,866.0,22996.0
hydrographs_LowerDarling_20250516,425013,Darling Anabranch,NSW,Lower Darling,CF_b,,3.0,5,5,3.0,0.046875,3.0,80.0,0.046875,1.25,189.4,15152.0,1,866.0,22996.0
hydrographs_LowerDarling_20250516,425013,Darling Anabranch,NSW,Lower Darling,LF1_P,,19.0,30,25,23.0,0.359375,23.0,30.0,0.359375,0.46875,59.766666666666666,1793.0,5,866.0,22996.0
hydrographs_LowerDarling_20250516,425013,Darling Anabranch,NSW,Lower Darling,LF1_S,,20.0,31,25,25.0,0.390625,25.0,36.0,0.390625,0.5625,59.25,2133.0,5,866.0,22996.0
hydrographs_LowerDarling_20250516,425013,Darling Anabranch,NSW,Lower Darling,LF2,,13.0,20,40,14.0,0.21875,14.0,36.0,0.21875,0.5625,59.25,2133.0,7,866.0,22996.0
hydrographs_LowerDarling_20250516,425013,Darling Anabranch,NSW,Lower Darling,OB1,,10.0,16,20,10.0,0.15625,10.0,15.0,0.15625,0.234375,59.8,897.0,7,866.0,22996.0
hydrographs_LowerDarling_20250516,425013,Darling Anabranch,NSW,Lower Darling,OB2,,8.0,12,15,8.0,0.125,8.0,10.0,0.125,0.15625,45.9,459.0,10,866.0,22996.0
hydrographs_LowerDarling_20250516,425013,Darling Anabranch,NSW,Lower Darling,OB3,,4.0,6,10,4.0,0.0625,4.0,5.0,0.0625,0.078125,31.8,159.0,14,866.0,22996.0
hydrographs_LowerDarling_20250516,425013,Darling Anabranch,NSW,Lower Darling,SF1_P,,45.0,70,65,64.0,1.0,64.0,90.0,1.0,1.40625,55.81111111111111,5023.0,2,866.0,22996.0
hydrographs_LowerDarling_20250516,425013,Darling Anabranch,NSW,Lower Darling,SF1_S,,47.0,73,65,79.0,1.234375,79.0,110.0,1.234375,1.71875,59.054545454545455,6496.0,2,866.0,22996.0
hydrographs_LowerDarling_20250516,425019,Redbank and Tandou creeks,NSW,Lower Darling,ALT-CTF,,50.0,78,75,50.0,0.78125,50.0,97.0,0.78125,1.515625,188.51546391752578,18286.0,1,501.0,22996.0
hydrographs_LowerDarling_20250516,425019,Redbank and Tandou creeks,NSW,Lower Darling,BK1,,6.0,9,10,7.0,0.109375,7.0,11.0,0.109375,0.171875,56.90909090909091,626.0,5,501.0,22996.0
hydrographs_LowerDarling_20250516,425019,Redbank and Tandou creeks,NSW,Lower Darling,CF_b,,4.0,6,5,4.0,0.0625,4.0,46.0,0.0625,0.71875,397.5217391304348,18286.0,1,501.0,22996.0
hydrographs_LowerDarling_20250516,425019,Redbank and Tandou creeks,NSW,Lower Darling,LF2,,5.0,8,40,6.0,0.09375,6.0,17.0,0.09375,0.265625,55.94117647058823,951.0,4,501.0,22996.0
hydrographs_LowerDarling_20250516,425020,Lake Wetherall,NSW,Lower Darling,HLLF,,24.0,38,40,38.0,0.59375,38.0,38.0,0.59375,0.59375,81.97368421052632,3115.0,4,6453.0,22996.0
hydrographs_LowerDarling_20250516,425020,Lake Wetherall,NSW,Lower Darling,LLLF,,40.0,62,90,45.0,0.703125,45.0,45.0,0.703125,0.703125,2401.222222222222,108055.0,0.39726,6453.0,22996.0
hydrographs_LowerDarling_20250516,425020,Lake Wetherall,NSW,Lower Darling,MLLF,,37.0,58,75,71.0,1.109375,71.0,71.0,1.109375,1.109375,147.45070422535213,10469.0,4,6453.0,22996.0
hydrographs_LowerDarling_20250516,425022,Menindee Lakes,NSW,Lower Darling,HLLF,,16.0,25,15,16.0,0.25,16.0,16.0,0.25,0.25,373.0625,5969.0,8,2314.0,22996.0
hydrographs_LowerDarling_20250516,425022,Menindee Lakes,NSW,Lower Darling,LLLF,,44.0,69,70,47.0,0.734375,47.0,47.0,0.734375,0.734375,1335.063829787234,62748.0,2,2314.0,22996.0
hydrographs_LowerDarling_20250516,425022,Menindee Lakes,NSW,Lower Darling,MLLF,,41.0,64,40,42.0,0.65625,42.0,42.0,0.65625,0.65625,1225.7380952380952,51481.0,4,2314.0,22996.0
hydrographs_LowerDarling_20250516,425022,Menindee Lakes,NSW,Lower Darling,VHLL,,5.0,8,10,5.0,0.078125,5.0,5.0,0.078125,0.078125,257.2,1286.0,10,2314.0,22996.0
hydrographs_LowerDarling_20250516,425023,Menindee Lakes,NSW,Lower Darling,HLLF,,16.0,25,15,16.0,0.25,16.0,16.0,0.25,0.25,407.5,6520.0,8,6250.0,22996.0
hydrographs_LowerDarling_20250516,425023,Menindee Lakes,NSW,Lower Darling,LLLF,,38.0,59,70,38.0,0.59375,38.0,38.0,0.59375,0.59375,1987.4736842105262,75524.0,7,6250.0,22996.0
hydrographs_LowerDarling_20250516,425023,Menindee Lakes,NSW,Lower Darling,MLLF,,38.0,59,40,38.0,0.59375,38.0,38.0,0.59375,0.59375,1937.157894736842,73612.0,7,6250.0,22996.0
hydrographs_LowerDarling_20250516,425023,Menindee Lakes,NSW,Lower Darling,VHLL,,6.0,9,10,6.0,0.09375,6.0,6.0,0.09375,0.09375,269.8333333333333,1619.0,10,6250.0,22996.0
hydrographs_LowerDarling_20250516,A4260505,Murray River - Lock 9 to Lock 7,NSW,Lower Darling,BF1_a,,0.0,0,50,0.0,0.0,0.0,0.0,0.0,0.0,0.0,0.0,1,78.0,22996.0
hydrographs_LowerDarling_20250516,A4260505,Murray River - Lock 9 to Lock 7,NSW,Lower Darling,BF1_b,,0.0,0,100,0.0,0.0,0.0,0.0,0.0,0.0,0.0,0.0,1,78.0,22996.0
hydrographs_LowerDarling_20250516,A4260505,Murray River - Lock 9 to Lock 7,NSW,Lower Darling,BK1_P,,0.0,0,70,0.0,0.0,0.0,0.0,0.0,0.0,0.0,0.0,3,78.0,22996.0
hydrographs_LowerDarling_20250516,A4260505,Murray River - Lock 9 to Lock 7,NSW,Lower Darling,BK1_S,,0.0,0,70,0.0,0.0,0.0,0.0,0.0,0.0,0.0,0.0,3,78.0,22996.0
hydrographs_LowerDarling_20250516,A4260505,Murray River - Lock 9 to Lock 7,NSW,Lower Darling,LF1,,0.0,0,90,0.0,0.0,0.0,0.0,0.0,0.0,0.0,0.0,2,78.0,22996.0
hydrographs_LowerDarling_20250516,A4260505,Murray River - Lock 9 to Lock 7,NSW,Lower Darling,LF2,,0.0,0,50,0.0,0.0,0.0,0.0,0.0,0.0,0.0,0.0,3,78.0,22996.0
hydrographs_LowerDarling_20250516,A4260505,Murray River - Lock 9 to Lock 7,NSW,Lower Darling,NestS1,,0.0,0,75,0.0,0.0,0.0,0.0,0.0,0.0,0.0,0.0,4,78.0,22996.0
hydrographs_LowerDarling_20250516,A4260505,Murray River - Lock 9 to Lock 7,NSW,Lower Darling,OB1_P,,0.0,0,50,0.0,0.0,0.0,0.0,0.0,0.0,0.0,0.0,4,78.0,22996.0
hydrographs_LowerDarling_20250516,A4260505,Murray River - Lock 9 to Lock 7,NSW,Lower Darling,OB1_S,,0.0,0,50,0.0,0.0,0.0,0.0,0.0,0.0,0.0,0.0,4,78.0,22996.0
hydrographs_LowerDarling_20250516,A4260505,Murray River - Lock 9 to Lock 7,NSW,Lower Darling,OB2,,0.0,0,40,0.0,0.0,0.0,0.0,0.0,0.0,0.0,0.0,5,78.0,22996.0
hydrographs_LowerDarling_20250516,A4260505,Murray River - Lock 9 to Lock 7,NSW,Lower Darling,OB3,,0.0,0,30,0.0,0.0,0.0,0.0,0.0,0.0,0.0,0.0,7,78.0,22996.0
hydrographs_LowerDarling_20250516,A4260505,Murray River - Lock 9 to Lock 7,NSW,Lower Darling,OB4,,0.0,0,15,0.0,0.0,0.0,0.0,0.0,0.0,0.0,0.0,10,78.0,22996.0
hydrographs_LowerDarling_20250516,A4260505,Murray River - Lock 9 to Lock 7,NSW,Lower Darling,SF1,,0.0,0,100,0.0,0.0,0.0,0.0,0.0,0.0,0.0,0.0,1,78.0,22996.0
hydrographs_LowerDarling_20250516,A4260505,Murray River - Lock 9 to Lock 7,NSW,Lower Darling,SF2,,0.0,0,90,0.0,0.0,0.0,0.0,0.0,0.0,0.0,0.0,2,78.0,22996.0
hydrographs_LowerDarling_20250516,A4260505,Murray River - Lock 9 to Lock 7,NSW,Lower Darling,VF,,0.0,0,100,0.0,0.0,0.0,0.0,0.0,0.0,0.0,0.0,0,78.0,22996.0
hydrographs_LowerDarling_20250516,A4260505,Murray River - Lock 9 to Lock 7,NSW,Lower Darling,WP1,,0.0,0,85,0.0,0.0,0.0,0.0,0.0,0.0,0.0,0.0,3,78.0,22996.0
hydrographs_LowerDarling_20250516,A4260505,Murray River - Lock 9 to Lock 7,NSW,Lower Darling,WP2,,0.0,0,80,0.0,0.0,0.0,0.0,0.0,0.0,0.0,0.0,3,78.0,22996.0
hydrographs_LowerDarling_20250516,A4260505,Murray River - Lock 9 to Lock 7,NSW,Lower Darling,WP3,,0.0,0,20,0.0,0.0,0.0,16.0,0.0,0.25,5.5625,89.0,0.038356,78.0,22996.0
hydrographs_LowerDarling_20250516,A4260505,Murray River - Lock 9 to Lock 7,NSW,Lower Darling,WP4,,1.0,2,75,1.0,0.015625,1.0,14.0,0.015625,0.21875,4.0,56.0,3,78.0,22996.0
hydrographs_LowerDarling_20250516,A4260507,Murray River - Lock 9 to Lock 7,NSW,Lower Darling,BF1_a,,0.0,0,50,0.0,0.0,0.0,0.0,0.0,0.0,0.0,0.0,1,14166.0,22996.0
hydrographs_LowerDarling_20250516,A4260507,Murray River - Lock 9 to Lock 7,NSW,Lower Darling,BF1_b,,0.0,0,100,0.0,0.0,0.0,0.0,0.0,0.0,0.0,0.0,1,14166.0,22996.0
hydrographs_LowerDarling_20250516,A4260507,Murray River - Lock 9 to Lock 7,NSW,Lower Darling,BK1_P,,0.0,0,70,0.0,0.0,0.0,0.0,0.0,0.0,0.0,0.0,3,14166.0,22996.0
hydrographs_LowerDarling_20250516,A4260507,Murray River - Lock 9 to Lock 7,NSW,Lower Darling,BK1_S,,0.0,0,70,0.0,0.0,0.0,0.0,0.0,0.0,0.0,0.0,3,14166.0,22996.0
hydrographs_LowerDarling_20250516,A4260507,Murray River - Lock 9 to Lock 7,NSW,Lower Darling,LF1,,0.0,0,90,0.0,0.0,0.0,0.0,0.0,0.0,0.0,0.0,2,14166.0,22996.0
hydrographs_LowerDarling_20250516,A4260507,Murray River - Lock 9 to Lock 7,NSW,Lower Darling,LF2,,0.0,0,50,0.0,0.0,0.0,0.0,0.0,0.0,0.0,0.0,3,14166.0,22996.0
hydrographs_LowerDarling_20250516,A4260507,Murray River - Lock 9 to Lock 7,NSW,Lower Darling,NestS1,,0.0,0,75,0.0,0.0,0.0,0.0,0.0,0.0,0.0,0.0,4,14166.0,22996.0
hydrographs_LowerDarling_20250516,A4260507,Murray River - Lock 9 to Lock 7,NSW,Lower Darling,OB1_P,,0.0,0,50,0.0,0.0,0.0,0.0,0.0,0.0,0.0,0.0,4,14166.0,22996.0
hydrographs_LowerDarling_20250516,A4260507,Murray River - Lock 9 to Lock 7,NSW,Lower Darling,OB1_S,,0.0,0,50,0.0,0.0,0.0,0.0,0.0,0.0,0.0,0.0,4,14166.0,22996.0
hydrographs_LowerDarling_20250516,A4260507,Murray River - Lock 9 to Lock 7,NSW,Lower Darling,OB2,,0.0,0,40,0.0,0.0,0.0,0.0,0.0,0.0,0.0,0.0,5,14166.0,22996.0
hydrographs_LowerDarling_20250516,A4260507,Murray River - Lock 9 to Lock 7,NSW,Lower Darling,OB3,,0.0,0,30,0.0,0.0,0.0,0.0,0.0,0.0,0.0,0.0,7,14166.0,22996.0
hydrographs_LowerDarling_20250516,A4260507,Murray River - Lock 9 to Lock 7,NSW,Lower Darling,OB4,,0.0,0,15,0.0,0.0,0.0,0.0,0.0,0.0,0.0,0.0,10,14166.0,22996.0
hydrographs_LowerDarling_20250516,A4260507,Murray River - Lock 9 to Lock 7,NSW,Lower Darling,SF1,,0.0,0,100,0.0,0.0,0.0,0.0,0.0,0.0,0.0,0.0,1,14166.0,22996.0
hydrographs_LowerDarling_20250516,A4260507,Murray River - Lock 9 to Lock 7,NSW,Lower Darling,SF2,,0.0,0,90,0.0,0.0,0.0,0.0,0.0,0.0,0.0,0.0,2,14166.0,22996.0
hydrographs_LowerDarling_20250516,A4260507,Murray River - Lock 9 to Lock 7,NSW,Lower Darling,VF,,0.0,0,100,0.0,0.0,0.0,0.0,0.0,0.0,0.0,0.0,0,14166.0,22996.0
hydrographs_LowerDarling_20250516,A4260507,Murray River - Lock 9 to Lock 7,NSW,Lower Darling,WP1,,0.0,0,85,0.0,0.0,0.0,0.0,0.0,0.0,0.0,0.0,3,14166.0,22996.0
hydrographs_LowerDarling_20250516,A4260507,Murray River - Lock 9 to Lock 7,NSW,Lower Darling,WP2,,0.0,0,80,0.0,0.0,0.0,0.0,0.0,0.0,0.0,0.0,3,14166.0,22996.0
hydrographs_LowerDarling_20250516,A4260507,Murray River - Lock 9 to Lock 7,NSW,Lower Darling,WP3,,0.0,0,20,0.0,0.0,0.0,2.0,0.0,0.03125,7.0,14.0,0.038356,14166.0,22996.0
hydrographs_LowerDarling_20250516,A4260507,Murray River - Lock 9 to Lock 7,NSW,Lower Darling,WP4,,0.0,0,75,0.0,0.0,0.0,2.0,0.0,0.03125,7.0,14.0,3,14166.0,22996.0
hydrographs_LowerDarling_20250516,A4260509,Murray River - Lock 7 to SA border,NSW,Lower Darling,BF1_a,,0.0,0,50,0.0,0.0,0.0,0.0,0.0,0.0,0.0,0.0,1,10935.0,22996.0
hydrographs_LowerDarling_20250516,A4260509,Murray River - Lock 7 to SA border,NSW,Lower Darling,BF1_b,,0.0,0,100,0.0,0.0,0.0,0.0,0.0,0.0,0.0,0.0,1,10935.0,22996.0
hydrographs_LowerDarling_20250516,A4260509,Murray River - Lock 7 to SA border,NSW,Lower Darling,BK1_P,,0.0,0,70,0.0,0.0,0.0,0.0,0.0,0.0,0.0,0.0,3,10935.0,22996.0
hydrographs_LowerDarling_20250516,A4260509,Murray River - Lock 7 to SA border,NSW,Lower Darling,BK1_S,,0.0,0,70,0.0,0.0,0.0,0.0,0.0,0.0,0.0,0.0,3,10935.0,22996.0
hydrographs_LowerDarling_20250516,A4260509,Murray River - Lock 7 to SA border,NSW,Lower Darling,LF1,,0.0,0,90,0.0,0.0,0.0,0.0,0.0,0.0,0.0,0.0,2,10935.0,22996.0
hydrographs_LowerDarling_20250516,A4260509,Murray River - Lock 7 to SA border,NSW,Lower Darling,LF2,,0.0,0,50,0.0,0.0,0.0,0.0,0.0,0.0,0.0,0.0,3,10935.0,22996.0
hydrographs_LowerDarling_20250516,A4260509,Murray River - Lock 7 to SA border,NSW,Lower Darling,OB1_P,,0.0,0,50,0.0,0.0,0.0,0.0,0.0,0.0,0.0,0.0,4,10935.0,22996.0
hydrographs_LowerDarling_20250516,A4260509,Murray River - Lock 7 to SA border,NSW,Lower Darling,OB1_S,,0.0,0,50,0.0,0.0,0.0,0.0,0.0,0.0,0.0,0.0,4,10935.0,22996.0
hydrographs_LowerDarling_20250516,A4260509,Murray River - Lock 7 to SA border,NSW,Lower Darling,OB2,,0.0,0,40,0.0,0.0,0.0,0.0,0.0,0.0,0.0,0.0,5,10935.0,22996.0
hydrographs_LowerDarling_20250516,A4260509,Murray River - Lock 7 to SA border,NSW,Lower Darling,OB3,,0.0,0,30,0.0,0.0,0.0,0.0,0.0,0.0,0.0,0.0,7,10935.0,22996.0
hydrographs_LowerDarling_20250516,A4260509,Murray River - Lock 7 to SA border,NSW,Lower Darling,OB4,,0.0,0,15,0.0,0.0,0.0,0.0,0.0,0.0,0.0,0.0,10,10935.0,22996.0
hydrographs_LowerDarling_20250516,A4260509,Murray River - Lock 7 to SA border,NSW,Lower Darling,SF1,,0.0,0,100,0.0,0.0,0.0,0.0,0.0,0.0,0.0,0.0,1,10935.0,22996.0
hydrographs_LowerDarling_20250516,A4260509,Murray River - Lock 7 to SA border,NSW,Lower Darling,SF2,,0.0,0,90,0.0,0.0,0.0,0.0,0.0,0.0,0.0,0.0,2,10935.0,22996.0
hydrographs_LowerDarling_20250516,A4260509,Murray River - Lock 7 to SA border,NSW,Lower Darling,VF,,0.0,0,100,0.0,0.0,0.0,0.0,0.0,0.0,0.0,0.0,0,10935.0,22996.0
